classifier,accuracy,weighted_f1,macro_f1
random_forest,0.45152722443559096,0.3929056940379472,0.23620747522168611
gradient_boosting,0.50199203187251,0.3481031167973627,0.1738464058729943
svm,0.5079681274900398,0.3422242338440163,0.16842800528401586
logistic_regression,0.5079681274900398,0.3422242338440163,0.16842800528401586
mlp,0.5079681274900398,0.3422242338440163,0.16842800528401586
