{
  "text_model": "microsoft/deberta-v3-base",
  "audio_feature": "mfcc",
  "fusion_type": "late",
  "config": {
    "epochs": 20,
    "batch_size": 16,
    "learning_rate": 2e-05
  },
  "final_metrics": {
    "Test Loss": 0.46015940308570863,
    "Valence": {
      "MSE": 0.4422260522842407,
      "RMSE": 0.6650007911906878,
      "MAE": 0.5055615901947021,
      "R2": 0.44773954153060913
    },
    "Arousal": {
      "MSE": 0.41794079542160034,
      "RMSE": 0.6464834069190023,
      "MAE": 0.5151061415672302,
      "R2": 0.1429625153541565
    },
    "Dominance": {
      "MSE": 0.5258660316467285,
      "RMSE": 0.7251662096697064,
      "MAE": 0.5774824023246765,
      "R2": 0.13673341274261475
    }
  },
  "best_val_loss": 0.41641210584264055,
  "training_log_path": "/root/results/multimodal_microsoft/deberta_v3_base_mfcc_late_20250508_022006/logs/training_log.json",
  "vad_predictions_path": "/root/results/multimodal_microsoft/deberta_v3_base_mfcc_late_20250508_022006/vad_predictions.npz"
}