loss,audio_mse,text_mse,fusion_mse,audio_r2,text_r2,fusion_r2,avg_audio_weight,avg_text_weight,accuracy
0.31892515048962233,0.3896627724170685,0.3036658763885498,0.3190205991268158,-1.2389882802963257,-0.6884893774986267,-0.844660222530365,0.5731028,0.42689732,0.07163671685284119
0.2776171070660732,0.3885042667388916,0.3104228079319,0.27761396765708923,-1.2348445653915405,-0.7253506183624268,-0.5909280180931091,0.5709536,0.42904642,0.07139388052452647
0.24929734417634417,0.382967472076416,0.30459079146385193,0.2494295984506607,-1.2073899507522583,-0.6927685737609863,-0.41909119486808777,0.57161826,0.4283817,0.06168042739193783
0.23360095305960307,0.3848876655101776,0.2920142412185669,0.23362265527248383,-1.2141960859298706,-0.6372968554496765,-0.32263636589050293,0.57172996,0.42827,0.057552209810587666
0.22223920715871706,0.38631734251976013,0.29338932037353516,0.2221079021692276,-1.223235845565796,-0.6376731991767883,-0.25387200713157654,0.5732648,0.42673522,0.06945118989800875
