loss,fusion_mse,fusion_r2,fusion_accuracy,fusion_valence_acc,fusion_arousal_acc,fusion_dominance_acc,audio_mse,audio_r2,audio_accuracy,text_mse,text_r2,text_accuracy,accuracy,avg_audio_weight,avg_text_weight
0.342378477602042,0.34277603030204773,-0.8914325833320618,2.015541525012142,22.098105876639146,30.791646430305974,25.88635259834871,0.8491175770759583,-3.9258787631988525,0.09713453132588634,0.30950286984443665,-0.7219411730766296,2.59834871296746,6.435162700339971,1.0,1.0
0.2226438261279764,0.22256018221378326,-0.23708076775074005,3.229723166585721,26.396308887809617,34.968431277319084,30.451675570665373,1.0088292360305786,-4.842789173126221,0.0,0.3088460862636566,-0.7167807221412659,2.331228751821272,11.073336571151044,1.0,1.0
0.20281366091365963,0.2026992291212082,-0.1273370236158371,4.3710539096648855,27.41622146673142,36.036911121903834,33.00145701796989,1.0290108919143677,-4.963673114776611,0.0,0.3067021667957306,-0.7076659202575684,2.7440505099562893,11.753278290432249,1.0,1.0
0.1967226836339448,0.19681544601917267,-0.09589008241891861,5.269548324429334,27.586206896551722,35.50267119961146,32.27294803302574,1.0400190353393555,-5.024268627166748,0.0,0.31389233469963074,-0.7462638020515442,2.2098105876639145,12.433220009713452,1.0,1.0
0.1917094717654147,0.19178378582000732,-0.06870671361684799,5.075279261777562,29.164643030597375,35.91549295774648,33.05002428363284,1.0473707914352417,-5.067270755767822,0.0,0.31976422667503357,-0.7868627905845642,1.6998542982030111,14.327343370568238,1.0,1.0
