{
  "model_name": "xlnet-base-cased",
  "dataset": "IEMOCAP_Final",
  "experiment_type": "text",
  "config": {
    "epochs": 40,
    "batch_size": 16,
    "learning_rate": 2e-05
  },
  "final_metrics": {
    "Test Loss": 0.48305865871278864,
    "Valence": {
      "MSE": 0.47754472494125366,
      "RMSE": 0.6910461091282214,
      "MAE": 0.513887882232666,
      "R2": 0.40363287925720215
    },
    "Arousal": {
      "MSE": 0.43069493770599365,
      "RMSE": 0.6562735235448659,
      "MAE": 0.521729588508606,
      "R2": 0.11680859327316284
    },
    "Dominance": {
      "MSE": 0.5512300729751587,
      "RMSE": 0.7424487005680316,
      "MAE": 0.5919177532196045,
      "R2": 0.09509551525115967
    }
  },
  "best_val_loss": 0.42236917442397065,
  "best_val_accuracy": 0.9155261651152059,
  "training_log_path": "/root/results/IEMOCAP_Final_text_xlnet_base_cased_20250509_053945/logs/training_log.json",
  "vad_predictions_path": "/root/results/IEMOCAP_Final_text_xlnet_base_cased_20250509_053945/vad_predictions.npz"
}