classifier,accuracy,weighted_f1,macro_f1
random_forest,0.4402390438247012,0.37673222996949984,0.21605389009489684
gradient_boosting,0.4953519256308101,0.3456258199218407,0.17444543394712453
svm,0.5079681274900398,0.3422242338440163,0.16842800528401586
logistic_regression,0.5079681274900398,0.3422242338440163,0.16842800528401586
mlp,0.5079681274900398,0.3422242338440163,0.16842800528401586
