{
  "emotion_metrics": {
    "accuracy": 0.7151394422310757,
    "f1_macro": 0.508360330431428,
    "f1_weighted": 0.6870021191675402,
    "confusion_matrix": [
      [
        446,
        54,
        3,
        25
      ],
      [
        57,
        234,
        0,
        4
      ],
      [
        34,
        13,
        4,
        0
      ],
      [
        79,
        17,
        0,
        34
      ]
    ],
    "classification_report": {
      "Angry": {
        "precision": 0.724025974025974,
        "recall": 0.8446969696969697,
        "f1-score": 0.7797202797202797,
        "support": 528.0
      },
      "Happy": {
        "precision": 0.7358490566037735,
        "recall": 0.7932203389830509,
        "f1-score": 0.763458401305057,
        "support": 295.0
      },
      "Neutral": {
        "precision": 0.5714285714285714,
        "recall": 0.0784313725490196,
        "f1-score": 0.13793103448275862,
        "support": 51.0
      },
      "Sad": {
        "precision": 0.5396825396825397,
        "recall": 0.26153846153846155,
        "f1-score": 0.35233160621761656,
        "support": 130.0
      },
      "accuracy": 0.7151394422310757,
      "macro avg": {
        "precision": 0.6427465354352146,
        "recall": 0.4944717856918754,
        "f1-score": 0.508360330431428,
        "support": 1004.0
      },
      "weighted avg": {
        "precision": 0.6958792562603732,
        "recall": 0.7151394422310757,
        "f1-score": 0.6870021191675402,
        "support": 1004.0
      }
    }
  }
}