{
  "model_name": "distilbert-base-uncased",
  "final_metrics": {
    "Test Loss": 0.25,
    "Valence": {
      "MSE": 0.19145782756012317,
      "RMSE": 0.43755894181255534,
      "MAE": 0.375,
      "R2": 0.64
    },
    "Arousal": {
      "MSE": 0.2500229977460138,
      "RMSE": 0.5000229972171418,
      "MAE": 0.352,
      "R2": 0.67
    },
    "Dominance": {
      "MSE": 0.24216888850824408,
      "RMSE": 0.49210658246790817,
      "MAE": 0.412,
      "R2": 0.59
    }
  },
  "best_val_loss": 0.35
}