{
  "model_name": "roberta-base",
  "dataset": "IEMOCAP_Filtered",
  "experiment_type": "text",
  "config": {
    "epochs": 40,
    "batch_size": 16,
    "learning_rate": 2e-05
  },
  "final_metrics": {
    "Test Loss": 0.4665986073168018,
    "Valence": {
      "MSE": 0.4411846101284027,
      "RMSE": 0.6642172913500541,
      "MAE": 0.5032806992530823,
      "R2": 0.4274475574493408
    },
    "Arousal": {
      "MSE": 0.42014992237091064,
      "RMSE": 0.6481897271408354,
      "MAE": 0.5140136480331421,
      "R2": 0.09661179780960083
    },
    "Dominance": {
      "MSE": 0.5387056469917297,
      "RMSE": 0.7339656987841664,
      "MAE": 0.5842728018760681,
      "R2": 0.03658092021942139
    }
  },
  "best_val_loss": 0.4131201611289495,
  "best_val_accuracy": 0.9173759677742102
}