{
  "model_name": "microsoft/deberta-v3-base",
  "final_metrics": {
    "Test Loss": 0.25,
    "Valence": {
      "MSE": 0.24584075069664743,
      "RMSE": 0.49582330592323653,
      "MAE": 0.375,
      "R2": 0.64
    },
    "Arousal": {
      "MSE": 0.23409017061344298,
      "RMSE": 0.48382865832176886,
      "MAE": 0.352,
      "R2": 0.67
    },
    "Dominance": {
      "MSE": 0.20146826592427405,
      "RMSE": 0.4488521648875875,
      "MAE": 0.412,
      "R2": 0.59
    }
  },
  "best_val_loss": 0.35
}