classifier,accuracy,weighted_f1,macro_f1
random_forest,0.45750332005312083,0.39489943198471483,0.22781039622667917
gradient_boosting,0.49867197875166,0.3483573082167343,0.17477188735132557
svm,0.5079681274900398,0.3422242338440163,0.16842800528401586
logistic_regression,0.5079681274900398,0.3422242338440163,0.16842800528401586
mlp,0.5079681274900398,0.3422242338440163,0.16842800528401586
