{
  "emotion_metrics": {
    "accuracy": 0.5886454183266933,
    "f1_macro": 0.20061654967045744,
    "f1_weighted": 0.5561311019726051,
    "confusion_matrix": [
      [
        46,
        5,
        0,
        65,
        0,
        0,
        0,
        0,
        0,
        0,
        0,
        0,
        0
      ],
      [
        0,
        189,
        0,
        55,
        2,
        1,
        0,
        0,
        0,
        0,
        0,
        2,
        0
      ],
      [
        0,
        2,
        0,
        7,
        0,
        0,
        0,
        0,
        0,
        0,
        0,
        3,
        0
      ],
      [
        22,
        50,
        1,
        310,
        0,
        5,
        0,
        0,
        0,
        0,
        0,
        24,
        0
      ],
      [
        0,
        28,
        0,
        6,
        7,
        0,
        0,
        0,
        0,
        0,
        0,
        2,
        0
      ],
      [
        1,
        8,
        0,
        35,
        0,
        4,
        0,
        0,
        0,
        0,
        0,
        0,
        0
      ],
      [
        0,
        1,
        0,
        0,
        0,
        0,
        0,
        0,
        0,
        0,
        0,
        0,
        0
      ],
      [
        0,
        1,
        0,
        0,
        1,
        0,
        0,
        0,
        0,
        0,
        0,
        0,
        0
      ],
      [
        0,
        1,
        0,
        0,
        0,
        0,
        0,
        0,
        0,
        0,
        0,
        0,
        0
      ],
      [
        0,
        0,
        0,
        0,
        1,
        0,
        0,
        0,
        0,
        0,
        0,
        0,
        0
      ],
      [
        0,
        1,
        0,
        0,
        0,
        0,
        0,
        0,
        0,
        0,
        0,
        0,
        0
      ],
      [
        0,
        11,
        0,
        67,
        1,
        2,
        0,
        0,
        0,
        0,
        0,
        35,
        0
      ],
      [
        0,
        1,
        0,
        1,
        0,
        0,
        0,
        0,
        0,
        0,
        0,
        0,
        0
      ]
    ],
    "classification_report": {
      "Anger": {
        "precision": 0.6666666666666666,
        "recall": 0.39655172413793105,
        "f1-score": 0.4972972972972973,
        "support": 116.0
      },
      "Excited": {
        "precision": 0.6342281879194631,
        "recall": 0.7590361445783133,
        "f1-score": 0.6910420475319927,
        "support": 249.0
      },
      "Fear": {
        "precision": 0.0,
        "recall": 0.0,
        "f1-score": 0.0,
        "support": 12.0
      },
      "Frustration": {
        "precision": 0.5677655677655677,
        "recall": 0.7524271844660194,
        "f1-score": 0.6471816283924844,
        "support": 412.0
      },
      "Happiness": {
        "precision": 0.5833333333333334,
        "recall": 0.16279069767441862,
        "f1-score": 0.2545454545454545,
        "support": 43.0
      },
      "Neutral state": {
        "precision": 0.3333333333333333,
        "recall": 0.08333333333333333,
        "f1-score": 0.13333333333333333,
        "support": 48.0
      },
      "Other": {
        "precision": 0.0,
        "recall": 0.0,
        "f1-score": 0.0,
        "support": 1.0
      },
      "Other amused": {
        "precision": 0.0,
        "recall": 0.0,
        "f1-score": 0.0,
        "support": 2.0
      },
      "Other melancolia": {
        "precision": 0.0,
        "recall": 0.0,
        "f1-score": 0.0,
        "support": 1.0
      },
      "Other melancolic": {
        "precision": 0.0,
        "recall": 0.0,
        "f1-score": 0.0,
        "support": 1.0
      },
      "Other pride": {
        "precision": 0.0,
        "recall": 0.0,
        "f1-score": 0.0,
        "support": 1.0
      },
      "Sadness": {
        "precision": 0.5303030303030303,
        "recall": 0.3017241379310345,
        "f1-score": 0.38461538461538464,
        "support": 116.0
      },
      "Surprise": {
        "precision": 0.0,
        "recall": 0.0,
        "f1-score": 0.0,
        "support": 2.0
      },
      "accuracy": 0.5886454183266933,
      "macro avg": {
        "precision": 0.25504847071703035,
        "recall": 0.18891255554777311,
        "f1-score": 0.20061654967045744,
        "support": 1004.0
      },
      "weighted avg": {
        "precision": 0.5694960666266716,
        "recall": 0.5886454183266933,
        "f1-score": 0.5561311019726051,
        "support": 1004.0
      }
    }
  }
}