classifier,accuracy,weighted_f1,macro_f1
random_forest,0.4541832669322709,0.3989025604937876,0.2376958458347282
gradient_boosting,0.5066401062416999,0.35958520948403777,0.1850768717028411
svm,0.5079681274900398,0.3422242338440163,0.16842800528401586
logistic_regression,0.5079681274900398,0.3422242338440163,0.16842800528401586
mlp,0.5079681274900398,0.3422242338440163,0.16842800528401586
