{
    "loss": 0.1253632956650108,
    "mse": 0.12520675361156464,
    "r2": 0.20272600650787354,
    "valence_mse": 