Epoch,Train Loss,Val Loss
1,0.5,0.6
2,0.49,0.59
3,0.48,0.58
4,0.47,0.57
5,0.46,0.5599999999999999
6,0.45,0.5499999999999999
7,0.44,0.54
8,0.43,0.53
9,0.42,0.52
10,0.41000000000000003,0.51
11,0.4,0.5
12,0.39,0.49
13,0.38,0.48
14,0.37,0.47
15,0.36,0.45999999999999996
16,0.35,0.44999999999999996
17,0.33999999999999997,0.43999999999999995
18,0.32999999999999996,0.42999999999999994
19,0.32,0.42
20,0.31,0.41
