Classifier,Accuracy,Weighted F1,Macro F1
random_forest,0.79,0.77,0.75
gradient_boosting,0.8500000000000001,0.8300000000000001,0.81
svm,0.8200000000000001,0.8,0.78
