Dimension,MSE,RMSE,MAE,R²
Valence,0.21882988958022181,0.4677925711041399,0.355,0.68
Arousal,0.1990886559677176,0.4461935185182743,0.342,0.71
Dominance,0.2066465962906745,0.4545839815597053,0.382,0.64
