{
  "model_name": "roberta-base",
  "final_metrics": {
    "Test Loss": 0.25,
    "Valence": {
      "MSE": 0.2442272243579406,
      "RMSE": 0.49419350902044495,
      "MAE": 0.375,
      "R2": 0.64
    },
    "Arousal": {
      "MSE": 0.17193594622142994,
      "RMSE": 0.41465159618820946,
      "MAE": 0.352,
      "R2": 0.67
    },
    "Dominance": {
      "MSE": 0.23063906285504637,
      "RMSE": 0.4802489592441054,
      "MAE": 0.412,
      "R2": 0.59
    }
  },
  "best_val_loss": 0.35
}