{
  "text_model": "microsoft/deberta-v3-base",
  "audio_feature": "mfcc",
  "fusion_type": "early",
  "config": {
    "epochs": 20,
    "batch_size": 16,
    "learning_rate": 2e-05
  },
  "final_metrics": {
    "Test Loss": 0.6757395829025068,
    "Valence": {
      "MSE": 0.8045274019241333,
      "RMSE": 0.896954514969479,
      "MAE": 0.7591399550437927,
      "R2": -0.004709482192993164
    },
    "Arousal": {
      "MSE": 0.5627764463424683,
      "RMSE": 0.7501842749234806,
      "MAE": 0.610872209072113,
      "R2": -0.15404033660888672
    },
    "Dominance": {
      "MSE": 0.6704975962638855,
      "RMSE": 0.8188391760681004,
      "MAE": 0.6552889943122864,
      "R2": -0.10069525241851807
    }
  },
  "best_val_loss": 0.655528702233967,
  "training_log_path": "/root/results/multimodal_microsoft/deberta_v3_base_mfcc_early_20250508_020711/logs/training_log.json",
  "vad_predictions_path": "/root/results/multimodal_microsoft/deberta_v3_base_mfcc_early_20250508_020711/vad_predictions.npz"
}