{
  "model_name": "roberta-base",
  "dataset": "IEMOCAP_Final",
  "experiment_type": "text",
  "config": {
    "epochs": 40,
    "batch_size": 16,
    "learning_rate": 2e-05
  },
  "final_metrics": {
    "Test Loss": 0.4590517617369953,
    "Valence": {
      "MSE": 0.43634942173957825,
      "RMSE": 0.6605674997603033,
      "MAE": 0.49388691782951355,
      "R2": 0.4550783634185791
    },
    "Arousal": {
      "MSE": 0.4180752635002136,
      "RMSE": 0.6465873981916239,
      "MAE": 0.5125002861022949,
      "R2": 0.14268672466278076
    },
    "Dominance": {
      "MSE": 0.533012866973877,
      "RMSE": 0.7300773020536092,
      "MAE": 0.5756412744522095,
      "R2": 0.12500101327896118
    }
  },
  "best_val_loss": 0.42031250815642507,
  "best_val_accuracy": 0.915937498368715
}